"mvc1@example.com","59b4754925725e90e8aab90e1fdcb59d","Main User","755564400","London","/uploads/avatars/random1.jpg"







"mvc9@example.com","d15c44dfe3bda15421e7cf8528a6ae18","Second User (9)","753514400","San Andres",""


"mvc42@example.com","7a275027f6453f387ef1bffa99d081c7","Third User (12)","725564400","Vienna","/uploads/avatars/random2.jpg"
Email@email.com,b9b57aae83585e17ede4570dcede353c,Name,863467200,,https://hsto.org/getpro/habr/post_images/8b6/47c/b0d/8b647cb0d660f793bfcd1e2436482aef.png
test@taet.test,098f6bcd4621d373cade4e832627b4f6,Name2,865022400,,http://static1.squarespace.com/static/56c0732db654f9ca22c007a2/t/56f27652c2ea51e1bae9d4b1/1538385155138/
test@test.test,098f6bcd4621d373cade4e832627b4f6,Tester,117493200,,http://static1.squarespace.com/static/56c0732db654f9ca22c007a2/t/56f27652c2ea51e1bae9d4b1/1538385155138/
